EndPoint,Tipo de EndPoint,Formato,Campo,Descripción,Entidad,Tipo de Entidad,Verificado,Notas
MQTT car_condition,MQTT (lectura),Entero 0-100 (%),soc | socDsp | remainPower,Nivel de batería,battery_level (Batería),sensor,Sí,Se usa la primera clave que llegue. Comprobado en v2.0.0b1 (30-09-2026). Comprobado en v2.0.0rc1 (30-09-2026)
/intl-app-gw/intl-app-car-condition/api/vehicle/condition,REST (lectura),Entero 0-100 (%),vehicleStatus.soc,Nivel de batería (respaldo),battery_level (Batería),sensor,No,Solo si MQTT no lo trae
MQTT car_condition,MQTT (lectura),Entero (km),remainedPowerMile | totalResidualMileage,Autonomía eléctrica estimada,range (Autonomía),sensor,Sí,Comprobado en v2.0.0b1 (30-09-2026). Comprobado en v2.0.0rc1 (30-09-2026)
/intl-app-gw/intl-app-car-condition/api/vehicle/condition,REST (lectura),Entero (km),vehicleStatus.drvMileage,Autonomía (respaldo),range (Autonomía),sensor,No,
MQTT car_condition,MQTT (lectura),"Entero; 0 = no, otro = sí",ChrgSts,Está cargando,charging (Cargando),binary_sensor,Sí,
/intl-app-gw/intl-app-car-condition/api/vehicle/condition,REST (lectura),"Entero; 0 = no, otro = sí",charge.chargeStatus,Está cargando (respaldo),charging (Cargando),binary_sensor,No,
MQTT car_condition,MQTT (lectura),"Entero; 0-1 = no enchufado, 2+ = enchufado",acChargeGunConnectionState,Manguera AC enchufada,ac_connector (Conector AC),binary_sensor,Sí,Un 1 significa desenchufado: no es un booleano
MQTT car_condition,MQTT (lectura),"Entero; 0-1 = no enchufado, 2+ = enchufado",dcChargeGunConnectionState | dcDhargeGunConnectionState,Manguera DC enchufada,dc_connector (Conector DC),binary_sensor,Sí,
/intl-app-gw/intl-app-car-condition/api/vehicle/condition,REST (lectura),"Entero; 0-1 = no, 2+ = sí",charge.dcChargeGunConnectStatus,Manguera DC enchufada (respaldo),dc_connector (Conector DC),binary_sensor,No,
(calculado),Interno,Texto (enum),charging + ac_connector + dc_connector,Estado de carga combinado,charge_status (Estado de carga),sensor,Sí,Desconectado / Conectado AC / Conectado DC / Cargando AC / Cargando DC
MQTT car_condition,MQTT (lectura),Decimal (A),BattACChrgInCurr | BattDCChrgInCurr | battACChrgInCurr | battDCChrgInCurr,Corriente de carga,charge_current (Corriente de carga),sensor,Sí,
MQTT car_condition,MQTT (lectura),Decimal (A),BattACChrgInCurr | battACChrgInCurr,Corriente de carga AC,ac_charge_current (Corriente de carga AC),sensor,No,
MQTT car_condition,MQTT (lectura),Decimal (A),BattDCChrgInCurr | battDCChrgInCurr,Corriente de carga DC,dc_charge_current (Corriente de carga DC),sensor,No,
MQTT car_condition,MQTT (lectura),Entero (min); 8191 = sin estimación,chargDeltMins,Tiempo de carga restante,remaining_charge_time (Tiempo de carga restante),sensor,Sí,
(calculado),Interno,Texto H:MM,remaining_charge_min,Tiempo de carga restante en horas,remaining_charge_time_hhmm (Tiempo de carga restante (H:MM)),sensor,Sí,Cálculo directo del anterior
MQTT car_condition,MQTT (lectura),Decimal (km),totalOdometer,Kilometraje total,odometer (Kilometraje total),sensor,Sí,Comprobado en v2.0.0rc1 (30-09-2026)
MQTT car_condition,MQTT (lectura),Fecha ISO 8601,latestDate | lastUpdatedAt | lastUpdatedTime,Fecha del último informe del coche,last_update (Último informe del coche),sensor,Sí,
MQTT car_condition,MQTT (lectura),Entero (código),powerStatusFeedBack,Estado de alimentación en bruto,power_status (Estado de alimentación),sensor (diagnóstico),Sí,Falta anotar qué valor es apagado / contacto / listo. Visto: 0 = coche apagado (30-09-2026). Visto: 2 = en marcha (circulando o parado con el coche arrancado)
MQTT car_condition,MQTT (lectura),Entero; 0 = apagado,engineStatus,Motor en marcha,(ninguna: ya no se usa),binary_sensor,Sí,No sirve en eléctrico: vale 0 también circulando (30-09-2026). La entidad 'Encendido' usa ahora el estado de alimentación
(lectura MQTT correcta),Interno,Booleano,(ninguno),El coche respondió en la nube,cloud_connected (Conexión con la nube),binary_sensor (diagnóstico),Sí,No indica que esté enchufado
/intl-app-gw/intl-app-car-condition/api/vehicle/condition,REST (lectura),Decimal (km/h),vehicleStatus.speed,Velocidad,speed (Velocidad),sensor (desactivado),No,Nunca ha llegado por MQTT en el S05
/intl-app-gw/intl-app-car-condition/api/vehicle/condition,REST (lectura),Decimal (km),vehicleStatus.igniteCumulativeMileage,Km desde el último arranque,trip_mileage (Kilómetros del trayecto),sensor (desactivado),No,"Nunca ha llegado por MQTT en el S05. 05-10-2026: activadas a mano, no traen ningún dato en el S05. Siguen desactivadas por defecto"
/intl-app-gw/intl-app-car-condition/api/vehicle/condition,REST (lectura),Decimal (km),vehicleStatus.totalMeterYesterday,Km recorridos ayer,mileage_yesterday (Kilómetros de ayer),sensor (desactivado),No,"Nunca ha llegado por MQTT en el S05. 05-10-2026: activadas a mano, no traen ningún dato en el S05. Siguen desactivadas por defecto"
MQTT car_condition,MQTT (lectura),Decimal (°C),vehicleTemperature,Temperatura interior,inside_temperature (Temperatura interior),sensor,Sí,Comprobado en v2.0.0b1 (30-09-2026). Comprobado en v2.0.0rc1 (30-09-2026)
/intl-app-gw/intl-app-car-condition/api/vehicle/condition,REST (lectura),Décimas de °C,hvac.outsideTemp,Temperatura exterior,outside_temperature (Temperatura exterior),sensor (desactivado),No,"Nunca ha llegado por MQTT en el S05; por REST sin confirmar. 05-10-2026: activadas a mano, no traen ningún dato en el S05. Siguen desactivadas por defecto"
MQTT car_condition,MQTT (lectura),Décimas de %,innerHumidity,Humedad interior,cabin_humidity (Humedad interior),sensor,Sí,Se divide entre 10. Comprobado en v2.0.0rc1 (30-09-2026)
MQTT car_condition,MQTT (lectura),Entero; 1 = encendido,airStatus,Climatizador encendido,climate_on (Climatizador) · cabin_climate (Climatización),binary_sensor · climate,Sí,Comprobado en v2.0.0rc1 (30-09-2026)
MQTT car_condition,MQTT (lectura),Entero (nivel),airConditioningHairRatings,Nivel del ventilador,fan_level (Ventilador del climatizador),sensor,Sí,Máximo sin confirmar. Comprobado en v2.0.0rc1 (30-09-2026)
MQTT car_condition,MQTT (lectura),Decimal (°C),airConditioningSetTemperature,Temperatura objetivo,climate_target_temperature (Temperatura del climatizador) · cabin_climate,sensor · climate,Sí,Comprobado en v2.0.0b1 (30-09-2026). Comprobado en v2.0.0rc1 (30-09-2026)
/intl-app-gw/intl-app-car-condition/api/vehicle/condition,REST (lectura),Entero 0-3,seat.leftFront.heatStatus,Calefacción asiento conductor (fuente principal),seat_heat_driver (Calefacción asiento conductor),number,Sí,"El MQTT no es fiable para asientos (comprobado); el REST, pendiente de confirmar. Comprobado en v2.0.0rc1 (30-09-2026)"
MQTT car_condition,MQTT (lectura),Entero 0-3; 6 = dormido,driverSeatHeatStatus,Calefacción asiento conductor (respaldo),seat_heat_driver (Calefacción asiento conductor),number,No,Escala 1:1 según Deepal Alternative
/intl-app-gw/intl-app-car-condition/api/vehicle/condition,REST (lectura),Entero 0-3,seat.rightFront.heatStatus,Calefacción asiento acompañante,seat_heat_passenger (Calefacción asiento acompañante),number,Sí,Comprobado en v2.0.0rc1 (30-09-2026)
/intl-app-gw/intl-app-car-condition/api/vehicle/condition,REST (lectura),Entero 0-3,seat.leftFront.ventStatus,Ventilación asiento conductor,seat_vent_driver (Ventilación asiento conductor),number,Sí,Solo versiones con ventilación (S05 Max). Comprobado en v2.0.0rc1 (30-09-2026)
/intl-app-gw/intl-app-car-condition/api/vehicle/condition,REST (lectura),Entero 0-3,seat.rightFront.ventStatus,Ventilación asiento acompañante,seat_vent_passenger (Ventilación asiento acompañante),number,Sí,Solo versiones con ventilación (S05 Max). Comprobado en v2.0.0rc1 (30-09-2026)
/intl-app-gw/intl-app-car-condition/api/vehicle/condition,REST (lectura),Entero; 0 = apagado,vehicleStatus.steeringWheelHeater,Volante calefactado,steering_wheel_heat (Volante calefactado),switch,Sí,Se conserva el último valor si no llega. Captura real: MQTT decía 1 y REST 0 con el volante apagado → REST correcto. Comprobado en v2.0.0rc1 (30-09-2026)
/intl-app-gw/intl-app-car-condition/api/vehicle/condition,REST (lectura),Entero; 0 = apagado,hvac.defrostStatus,Desempañado delantero,front_defrost (Desempañado delantero),switch (no se crea en el S05),No,NO compatible con el S05 (probado el 02-10-2026). Retirado del modelo en la v2.0.1: la entidad no se crea
MQTT car_condition,MQTT (lectura),Entero; 0 = cerrada,driverDoor,Puerta delantera izquierda,door_front_left (Puerta delantera izquierda),binary_sensor,Sí,Comprobado en v2.0.0rc1 (30-09-2026)
MQTT car_condition,MQTT (lectura),Entero; 0 = cerrada,passengerDoor,Puerta delantera derecha,door_front_right (Puerta delantera derecha),binary_sensor,Sí,Comprobado en v2.0.0rc1 (30-09-2026)
MQTT car_condition,MQTT (lectura),Entero; 0 = cerrada,leftRearDoor,Puerta trasera izquierda,door_rear_left (Puerta trasera izquierda),binary_sensor,Sí,Comprobado en v2.0.0rc1 (30-09-2026)
MQTT car_condition,MQTT (lectura),Entero; 0 = cerrada,rightRearDoor,Puerta trasera derecha,door_rear_right (Puerta trasera derecha),binary_sensor,Sí,Comprobado en v2.0.0rc1 (30-09-2026)
MQTT car_condition,MQTT (lectura),Entero; 0 = cerrado,trunk,Maletero abierto,trunk (Maletero) · trunk_control (Maletero (control)),binary_sensor · cover,Sí,
MQTT car_condition,MQTT (lectura),Entero; 0 = cerrado,hoodStatus | hood,Capó abierto,hood (Capó),binary_sensor,Sí,
(calculado),Interno,Booleano,4 puertas + maletero,Alguna puerta o maletero abiertos,any_door_open (Alguna puerta abierta),binary_sensor,Sí,El capó no cuenta. Comprobado en v2.0.0rc1 (30-09-2026)
MQTT car_condition,MQTT (lectura),Entero; 0 = cerrada,diverWindow,Ventanilla delantera izquierda,window_front_left (Ventanilla delantera izquierda) · windows,binary_sensor · cover,Sí,diverWindow (sic). El S05 baja un poco el cristal al abrir la puerta. Sensor de ventanilla abierta Comprobado en v2.0.0rc10 (02-10-2026)
MQTT car_condition,MQTT (lectura),Entero; 0 = cerrada,passengerWindow,Ventanilla delantera derecha,window_front_right (Ventanilla delantera derecha) · windows,binary_sensor · cover,Sí,Sensor de ventanilla abierta Comprobado en v2.0.0rc10 (02-10-2026)
MQTT car_condition,MQTT (lectura),Entero; 0 = cerrada,leftRearWindow,Ventanilla trasera izquierda,window_rear_left (Ventanilla trasera izquierda) · windows,binary_sensor · cover,Sí,Sensor de ventanilla abierta Comprobado en v2.0.0rc10 (02-10-2026)
MQTT car_condition,MQTT (lectura),Entero; 0 = cerrada,rightRearWindow,Ventanilla trasera derecha,window_rear_right (Ventanilla trasera derecha) · windows,binary_sensor · cover,Sí,Sensor de ventanilla abierta Comprobado en v2.0.0rc10 (02-10-2026)
MQTT car_condition,MQTT (lectura),Entero; 0 = bloqueada,driverDoorLock,Cerradura puerta del conductor,lock_driver (Cerradura del conductor),binary_sensor,Sí,Pendiente: cerrar con el mando y comparar dos capturas. Captura real: 0 con el coche cerrado (pendiente captura abierto). Comprobado en v2.0.0rc1 (30-09-2026)
MQTT car_condition,MQTT (lectura),Entero; 0 = bloqueada,passengerDoorLock,Cerradura puerta del acompañante,lock_passenger (Cerradura del acompañante),binary_sensor,Sí,Captura real: 0 con el coche cerrado (pendiente captura abierto). Comprobado en v2.0.0rc1 (30-09-2026)
(calculado),Interno,Booleano,lock_driver + lock_passenger,Coche bloqueado,central_locking (Cierre centralizado) · doors (Puertas),binary_sensor · lock,Sí,Comprobado en v2.0.0rc1 (30-09-2026)
MQTT car_condition,MQTT (lectura),Decimal (kPa),lfTyrePressure,Presión neumático delantero izquierdo,tire_pressure_front_left,sensor,Sí,Se muestra en bar. Comprobado en v2.0.0b1 (30-09-2026)
MQTT car_condition,MQTT (lectura),Decimal (kPa),rfTyrePressure,Presión neumático delantero derecho,tire_pressure_front_right,sensor,Sí,Comprobado en v2.0.0b1 (30-09-2026)
MQTT car_condition,MQTT (lectura),Decimal (kPa),lrTyrePressure,Presión neumático trasero izquierdo,tire_pressure_rear_left,sensor,Sí,Comprobado en v2.0.0b1 (30-09-2026)
MQTT car_condition,MQTT (lectura),Decimal (kPa),rrTyrePressure,Presión neumático trasero derecho,tire_pressure_rear_right,sensor,Sí,Comprobado en v2.0.0b1 (30-09-2026)
MQTT car_condition,MQTT (lectura),Entero; 0 = OK,lfPressureWarning | rfPressureWarning | lrPressureWarning | rrPressureWarning,Aviso de cada neumático,tire_alarm_* (Aviso neumático ...),binary_sensor,Sí,Difícil de provocar a propósito. Comprobado en v2.0.0rc1 (30-09-2026)
MQTT car_condition,MQTT (lectura),Entero; 0 = apagada,highBeam,Luz de carretera,high_beam (Luz de carretera),binary_sensor,Sí,Comprobado en v2.0.0rc1 (30-09-2026)
MQTT car_condition,MQTT (lectura),Entero; 0 = apagada,lowBeam,Luz de cruce,low_beam (Luz de cruce),binary_sensor,Sí,Comprobado en v2.0.0rc1 (30-09-2026)
MQTT car_condition,MQTT (lectura),Entero; 0 = apagada,positionLamp,Luces de posición,position_lamp (Luces de posición),binary_sensor,Sí,"Renombrada en v2.1.0 (antes ""Luces encendidas (testigo)""): comprobado con el coche el 05-10-2026 que son las luces de posición"
MQTT car_condition,MQTT (lectura),Entero; 0 = apagado,turnLndicatorLeft | turnLndicatorRight,Intermitentes,indicator_left / indicator_right,binary_sensor,Sí,Lndicator (sic). Comprobado en v2.0.0rc1 (30-09-2026)
MQTT car_condition,MQTT (lectura),Entero; 0 = cerrada,chargeCoverStatus,Tapa de carga abierta,-,-,No,"RETIRADA en v2.1.0: el S05 manda siempre 0, no cambia al abrir la tapa (probado 05-10-2026). Sus iconos se guardan en icons/reserva/"
MQTT car_condition,MQTT (lectura),Entero; 0 = apagada,frontFoglamp,Luz antiniebla delantera,-,-,No,RETIRADA en v2.1.0: el S05 no tiene antiniebla delantera (probado 05-10-2026)
MQTT car_condition,MQTT (lectura),Entero; 0 = apagada,rearFoglamp,Luz antiniebla trasera,rear_fog_lamp (Antiniebla trasera),binary_sensor,Sí,Comprobado con el coche en v2.1.0b2 (05-10-2026)
MQTT car_condition,MQTT (lectura),Decimal; 0.0 = pila bien,keyLowPower,Pila del mando baja,key_battery_low (Pila del mando baja),binary_sensor (diagnóstico),No,Nuevo en v2.1.0b1. Llega en todas las lecturas pero solo se ha visto a 0: falta ver el valor activo. 05-10-2026: sin falsa alarma; no se puede provocar
MQTT car_condition,MQTT (lectura),Entero; 0 = aire exterior,airRecycleStatus,Recirculación de aire,air_recirculation (Recirculación de aire),binary_sensor,Sí,Comprobado con el coche en v2.1.0b2 (05-10-2026): 1 = recirculando
MQTT car_condition,MQTT (lectura),Texto numérico; 0 = cerrada,leftAnteriorWindowDegree,Apertura ventanilla delantera izquierda,window_opening_front_left (Apertura ventanilla delantera izquierda),sensor (%; desactivado),No,Desactivada por defecto en v2.1.0: escala dudosa. Probado 05-10-2026: ventilación 19-20; a la mitad 92; del todo 97; cerrada 0 en diagnósticos pero se vio 100 en pantalla
MQTT car_condition,MQTT (lectura),Texto numérico; 0 = cerrada,rightAnteriorWindowDegree,Apertura ventanilla delantera derecha,window_opening_front_right (Apertura ventanilla delantera derecha),sensor (%; desactivado),No,Desactivada por defecto en v2.1.0: escala dudosa. Probado 05-10-2026: ventilación 19-20; a la mitad 92; del todo 97; cerrada 0 en diagnósticos pero se vio 100 en pantalla
MQTT car_condition,MQTT (lectura),Texto numérico; 0 = cerrada,leftRearWindowDegree,Apertura ventanilla trasera izquierda,window_opening_rear_left (Apertura ventanilla trasera izquierda),sensor (%; desactivado),No,Desactivada por defecto en v2.1.0: escala dudosa. Probado 05-10-2026: ventilación 19-20; a la mitad 92; del todo 97; cerrada 0 en diagnósticos pero se vio 100 en pantalla
MQTT car_condition,MQTT (lectura),Texto numérico; 0 = cerrada,rightRearWindowDegree,Apertura ventanilla trasera derecha,window_opening_rear_right (Apertura ventanilla trasera derecha),sensor (%; desactivado),No,Desactivada por defecto en v2.1.0: escala dudosa. Probado 05-10-2026: ventilación 19-20; a la mitad 92; del todo 97; cerrada 0 en diagnósticos pero se vio 100 en pantalla
MQTT car_condition,MQTT (lectura),Texto numérico; 0 = apagado,batt12VLightStatus,Testigo batería de 12 V,warning_12v_battery (Testigo batería de 12 V),"binary_sensor (problema, diagnóstico)",No,Nuevo en v2.1.0b1. 05-10-2026: sin falsas alarmas parado ni en marcha; el encendido real no se puede provocar
MQTT car_condition,MQTT (lectura),Texto numérico; 0 = apagado,tpmsLightStatus,Testigo presión de neumáticos,warning_tpms (Testigo presión de neumáticos),"binary_sensor (problema, diagnóstico)",No,Nuevo en v2.1.0b1. 05-10-2026: sin falsas alarmas parado ni en marcha; el encendido real no se puede provocar
MQTT car_condition,MQTT (lectura),Texto numérico; 0 = apagado,absLightStatus,Testigo ABS,warning_abs (Testigo ABS),"binary_sensor (problema, diagnóstico)",No,Nuevo en v2.1.0b1. 05-10-2026: sin falsas alarmas parado ni en marcha; el encendido real no se puede provocar
MQTT car_condition,MQTT (lectura),Texto numérico; 0 = apagado,airBagLightStatus,Testigo airbag,warning_airbag (Testigo airbag),"binary_sensor (problema, diagnóstico)",No,Nuevo en v2.1.0b1. 05-10-2026: sin falsas alarmas parado ni en marcha; el encendido real no se puede provocar
MQTT car_condition,MQTT (lectura),Texto numérico; 0 = apagado,brakeFluidLightStatus,Testigo líquido de frenos,warning_brake_fluid (Testigo líquido de frenos),"binary_sensor (problema, diagnóstico)",No,Nuevo en v2.1.0b1. 05-10-2026: sin falsas alarmas parado ni en marcha; el encendido real no se puede provocar
MQTT car_condition,MQTT (lectura),Texto numérico; 0 = apagado,brakeLightStatus,Testigo frenos,warning_brake (Testigo frenos),"binary_sensor (problema, diagnóstico)",No,Nuevo en v2.1.0b1. 05-10-2026: sin falsas alarmas parado ni en marcha; el encendido real no se puede provocar
MQTT car_condition,MQTT (lectura),Texto numérico; 0 = apagado,epsLightStatus,Testigo dirección asistida,warning_eps (Testigo dirección asistida),"binary_sensor (problema, diagnóstico)",No,Nuevo en v2.1.0b1. 05-10-2026: sin falsas alarmas parado ni en marcha; el encendido real no se puede provocar
MQTT car_condition,MQTT (lectura),Texto numérico; 0 = apagado,powerLimitLightStatus,Testigo potencia limitada,warning_power_limit (Testigo potencia limitada),"binary_sensor (problema, diagnóstico)",No,Nuevo en v2.1.0b1. 05-10-2026: sin falsas alarmas parado ni en marcha; el encendido real no se puede provocar
MQTT car_condition,MQTT (lectura),Texto numérico; 0 = apagado,powerSystemLightStatus,Testigo sistema de propulsión,warning_power_system (Testigo sistema de propulsión),"binary_sensor (problema, diagnóstico)",No,Nuevo en v2.1.0b1. 05-10-2026: sin falsas alarmas parado ni en marcha; el encendido real no se puede provocar
MQTT car_condition,MQTT (lectura),Texto numérico; 0 = apagado,bcuBattSocLightStatus,Testigo batería baja,warning_traction_battery_low (Testigo batería baja),"binary_sensor (problema, diagnóstico)",No,Nuevo en v2.1.0b1. 05-10-2026: sin falsas alarmas parado ni en marcha; el encendido real no se puede provocar
MQTT car_condition,MQTT (lectura),Texto numérico; 0 = apagado,coolanTemperatureLightStatus,Testigo temperatura del refrigerante,warning_coolant_temperature (Testigo temperatura del refrigerante),"binary_sensor (problema, diagnóstico)",No,Nuevo en v2.1.0b1. 05-10-2026: sin falsas alarmas parado ni en marcha; el encendido real no se puede provocar
MQTT car_condition,MQTT (lectura),Texto numérico,accLightStatus | aebLightStatus | lwdLightStatus | oilFuelLightStatus | espLightStatus,Testigos descartados,-,-,No,NO se exponen: valen 1 con el coche sano (oilFuel incluso en un eléctrico) o cambian sin avería (esp). Darían falsas alarmas
/intl-app-gw/intl-app-user/api/car/vehicles,REST (lectura),URL,vehicleImageUrl | imgUrl | imageUrl | carImageUrl | modelImageUrl,Foto oficial del modelo,official_image (Imagen oficial),image,Sí,Si no hay URL la entidad aparece no disponible. Comprobado en v2.0.0b2: PNG servido por ca-m.iov.changanauto.com.de. Comprobado en v2.0.0rc1 (30-09-2026)
vehicles/photos (catálogo local),Local,PNG/JPG/WEBP,<grupo_foto>_<color>,Foto según versión y color,dec_photo (Imagen DEC),image,Sí,Ver docs/imagenes.md. Comprobado en v2.0.0rc1 (30-09-2026)
vehicles/vista_planta (catálogo local),Local,PNG por capas (750×750),capas.yaml: hood_open · trunk_open · door_* · window_* · low_beam,Coche visto desde arriba según su estado (capas superpuestas),top_view (Vista de planta),image,Sí,"Nueva en v2.0.0rc6. Usa las señales de puertas, capó, maletero, ventanillas y luz de cruce; dato desconocido = último conocido o cerrado. Ver docs/imagenes.md. Puertas, capó, maletero y ventanillas comprobados en v2.0.0rc10 (02-10-2026). Luz de cruce en la vista: comprobado con el coche en v2.1.0b2 (05-10-2026)"
vehicles/vista_isometrica (catálogo local),Local,PNG por capas (750×500),capas.yaml: hood_open · trunk_open · door_* · window_* · low_beam,Coche desde delante-izquierda según su estado (capas superpuestas),isometric_view (Vista isométrica),image,Sí,"Nueva en v2.0.0rc7. Mismas señales que la vista de planta; ventanilla bajada = sin cristal. Ver docs/imagenes.md. Puertas, capó, maletero y ventanillas comprobados en v2.0.0rc10 (02-10-2026). Luz de cruce en la vista: comprobado con el coche en v2.1.0b2 (05-10-2026)"
vehicles/vista_interior (catálogo local),Local,PNG por capas (1125×1500),capas.yaml: steering_wheel_heat · seat_heat_* · seat_vent_*,Habitáculo desde arriba con volante y asientos encendidos (naranja = calor; celeste = ventilación),interior_view (Vista interior),image,Sí,Nueva en v2.0.0rc9. Cualquier nivel 1-3 enciende la capa del asiento. Ver docs/imagenes.md. Volante y los dos asientos (calor y ventilación) comprobados en v2.0.0rc10 (02-10-2026)
vehicles/vista_carga (catálogo local),Local,PNG por capas (750×500),capas.yaml: charger_plugged · charging,Coche de lado con el cable enchufado (gris) o cargando (verde),charging_view (Vista de carga),image,No,Nueva en v2.0.0rc10. charger_plugged = manguera AC o DC enchufada (señal calculada). Ver docs/imagenes.md. Sin probar con el coche (pendiente tras la 2.0.0)
/intl-app-gw/intl-app-car-control/api/control/condition-inquiry,REST firmado (comando),JSON {command: COMMAND_GET_NEW_CONDITION},-,Pedir datos frescos al coche,refresh (Actualizar datos del vehículo),button,Sí,
/intl-app-gw/intl-app-car-control/api/control/flashing-honking,REST firmado (comando),"JSON {command: flash_bee, type: 1}",type,Parpadear luces,flash_lights (Parpadear luces),button,Sí,Espera de 30 s entre repeticiones. Comprobado en v2.0.0rc1 (30-09-2026)
/intl-app-gw/intl-app-car-control/api/control/flashing-honking,REST firmado (comando),"JSON {command: flash_bee, type: 2}",type,Tocar el claxon,honk_horn (Tocar el claxon),button,Sí,Espera de 6 s entre repeticiones. Comprobado en v2.0.0rc1 (30-09-2026)
/intl-app-gw/intl-app-car-control/api/control/flashing-honking,REST firmado (comando),"JSON {command: flash_bee, type: 3}",type,Luces y claxon a la vez,flash_and_honk (Luces y claxon),button,Sí,Comprobado con el coche en v2.1.0b2 (05-10-2026)
/intl-app-gw/intl-app-car-control/api/control/air-conditioner,REST firmado (comando),"JSON {command: air, enabled, targetTemp (décimas), runTime, windMode}","enabled, targetTemp",Encender/apagar clima y temperatura,cabin_climate (Climatización),climate,Sí,Comparado con la app oficial. Comprobado en v2.0.0rc1 (30-09-2026)
/intl-app-gw/intl-app-car-control/api/control/seats/heat,REST firmado (comando),"JSON {command: seats_heat, masterSwitch/masterLevel | copilotSwitch/copilotLevel}","masterLevel, copilotLevel",Calefacción de asientos,seat_heat_driver / seat_heat_passenger,number,Sí,Para apagar: switch 0 sin nivel. Comprobado en v2.0.0rc1 (30-09-2026)
/intl-app-gw/intl-app-car-control/api/control/seats/wind,REST firmado (comando),"JSON {command: seats_wind, ...}","masterLevel, copilotLevel",Ventilación de asientos,seat_vent_driver / seat_vent_passenger,number,Sí,Comprobado en v2.0.0rc1 (30-09-2026)
/intl-app-gw/intl-app-car-control/api/control/steering-wheel/heat,REST firmado (comando),"JSON {command: steering_wheel_heating, open}",open,Volante calefactado,steering_wheel_heat (Volante calefactado),switch,Sí,Comprobado en v2.0.0rc1 (30-09-2026)
/intl-app-gw/intl-app-car-control/api/control/defrost,REST firmado (comando),"JSON {command: defrost, enabled}",enabled,Desempañado delantero,front_defrost (Desempañado delantero),switch (no se crea en el S05),No,NO compatible con el S05 (probado el 02-10-2026). Retirado del modelo en la v2.0.1: la entidad no se crea
/intl-app-gw/intl-app-car-control/api/control/doors,REST firmado + PIN (comando),"JSON {command: lock, open, rcToken}",open,Bloquear / desbloquear puertas,doors (Puertas),lock,Sí,"Formato de Deepal Alternative. Desbloqueo aceptado por el coche (resultCode 0, 30-09-2026); pendiente confirmar físicamente. Comprobado con el coche en v2.1.0b2 (05-10-2026) (Opción B, con armado)"
/intl-app-gw/intl-app-car-control/api/control/windows,REST firmado + PIN (comando),"JSON {command: window, open, openType: 10, rcToken}",open,Entreabrir (ventilar) / cerrar todas las ventanillas,windows (Ventanillas - Modo Ventilación),cover,Sí,"openType 10 = ENTREABRIR, no bajar del todo (comprobado 30-09-2026). Estado invertido en HA: open = cerradas. Cerrar con el coche encendido: rechazado 1032. Cerrar desde HA con el coche apagado: comprobado con el coche en v2.1.0b2 (05-10-2026)"
/intl-app-gw/intl-app-car-control/api/control/trunk,REST firmado + PIN (comando),"JSON {command: trunk, open, rcToken}",open,Abrir / cerrar maletero,trunk_control (Maletero (control)),cover,Sí,"Comprobado con el coche en v2.1.0b2 (05-10-2026) (Opción B, con armado)"
/intl-app-gw/intl-app-car-control/api/security-code/check-code,REST (PIN),JSON {safeCode (RSA)},rcToken,Canjear el PIN por un rcToken,(opciones: Control remoto con PIN),-,Sí,Se comprueba al guardar el PIN. Comprobado con el coche en v2.1.0b2 (05-10-2026)
(ninguno),Interno,Booleano,-,Ventana de armado de la Opción B,pin_arm (Desbloqueo acciones con PIN),lock,Sí,No envía nada al coche. Comprobado con el coche en v2.1.0b2 (05-10-2026)
/intl-app-gw/intl-app-user/api/vehicle/function-config,REST (lectura),"JSON {""vehicleId""} → {""confList"": [códigos]}",confList,Capacidades del coche (sugerencia de versión),(Configurar / Reparaciones: versión propuesta),-,Sí,"Responde con vehicleId (carId da COMMON_1_1_01_005). Max: FronSeatVentilationSW, #vent3... Falta un Pro para confirmar"
(calculado),Interno,Booleano,powerStatusFeedBack != 0,Coche encendido,engine (Encendido),binary_sensor,Sí,"0 = apagado, 2 = en marcha. Sustituye a engineStatus (30-09-2026)"
MQTT properties/set/req (TxWakeup / Cnr_ReWakeup),MQTT (orden),Servicio cifrado; respuesta code 000000,-,Despertar el coche para que envíe un informe nuevo,refresh (Actualizar datos del vehículo) · órdenes con PIN,button · lock · cover,No,"Descubierto por Deepal Alternative. Límites: >2 min de antigüedad, 1 cada 5 min, nunca en lecturas automáticas. Opción para desactivarlo"
/intl-app-gw/intl-app-user/api/car/vehicles,REST (lectura),Texto,plateNumber (licensePlate en otras regiones),Matrícula del coche,license_plate (Matrícula),sensor,Sí,Llega en plateNumber para los S05 de España (01-10-2026). Se actualiza al arrancar
MQTT car_condition / REST condition,MQTT / REST (lectura),Decimal (grados),"lat | latitude, lng | lon | longitude (sin distinguir mayúsculas, en cualquier nivel)",Ubicación del coche,location (Ubicación),device_tracker (deshabilitado),No,"Hoy el S05 de España no la envía. Búsqueda genérica por si aparece; 0,0 se descarta"
